,Original Accuracy,Tuned Accuracy,Original F1,Tuned F1
Logistic Regression,0.855,0.84,0.8497409326424871,0.8350515463917526
Decision Tree,0.905,0.91,0.9035532994923858,0.9081632653061225
Random Forest,0.95,0.93,0.9504950495049505,0.9306930693069307
SVM,0.92,0.92,0.9191919191919192,0.9191919191919192
Gradient Boosting,0.94,0.945,0.9393939393939394,0.9447236180904522
