,Accuracy,Precision,Recall,F1 Score
Logistic Regression,0.84,0.8709677419354839,0.801980198019802,0.8350515463917526
Decision Tree,0.91,0.9368421052631579,0.8811881188118812,0.9081632653061225
Random Forest,0.93,0.9306930693069307,0.9306930693069307,0.9306930693069307
SVM,0.92,0.9381443298969072,0.900990099009901,0.9191919191919192
Gradient Boosting,0.945,0.9591836734693877,0.9306930693069307,0.9447236180904522
